time,aotizhongxin_PM2.5,aotizhongxin_PM10,aotizhongxin_O3,badaling_PM2.5,badaling_PM10,badaling_O3,beibuxinqu_PM2.5,beibuxinqu_PM10,beibuxinqu_O3,daxing_PM2.5,daxing_PM10,daxing_O3,dingling_PM2.5,dingling_PM10,dingling_O3,donggaocun_PM2.5,donggaocun_PM10,donggaocun_O3,dongsi_PM2.5,dongsi_PM10,dongsi_O3,dongsihuan_PM2.5,dongsihuan_PM10,dongsihuan_O3,fangshan_PM2.5,fangshan_PM10,fangshan_O3,fengtaihuayuan_PM2.5,fengtaihuayuan_PM10,fengtaihuayuan_O3,guanyuan_PM2.5,guanyuan_PM10,guanyuan_O3,gucheng_PM2.5,gucheng_PM10,gucheng_O3,huairou_PM2.5,huairou_PM10,huairou_O3,liulihe_PM2.5,liulihe_PM10,liulihe_O3,mentougou_PM2.5,mentougou_PM10,mentougou_O3,miyun_PM2.5,miyun_PM10,miyun_O3,miyunshuiku_PM2.5,miyunshuiku_PM10,miyunshuiku_O3,nansanhuan_PM2.5,nansanhuan_PM10,nansanhuan_O3,nongzhanguan_PM2.5,nongzhanguan_PM10,nongzhanguan_O3,pingchang_PM2.5,pingchang_PM10,pingchang_O3,pinggu_PM2.5,pinggu_PM10,pinggu_O3,qianmen_PM2.5,qianmen_PM10,qianmen_O3,shunyi_PM2.5,shunyi_PM10,shunyi_O3,tiantan_PM2.5,tiantan_PM10,tiantan_O3,tongzhou_PM2.5,tongzhou_PM10,tongzhou_O3,wanliu_PM2.5,wanliu_PM10,wanliu_O3,wanshouxigong_PM2.5,wanshouxigong_PM10,wanshouxigong_O3,xizhimenbei_PM2.5,xizhimenbei_PM10,xizhimenbei_O3,yanqin_PM2.5,yanqin_PM10,yanqin_O3,yizhuang_PM2.5,yizhuang_PM10,yizhuang_O3,yongdingmennei_PM2.5,yongdingmennei_PM10,yongdingmennei_O3,yongledian_PM2.5,yongledian_PM10,yongledian_O3,yufa_PM2.5,yufa_PM10,yufa_O3,yungang_PM2.5,yungang_PM10,yungang_O3,zhiwuyuan_PM2.5,zhiwuyuan_PM10,zhiwuyuan_O3
2018-03-21 00:00:00,55.048529837219114,91.81102676474136,2.0294946683843733,60.10036238143879,113.07810121416311,11.827317721783515,46.311079048687915,68.70358863666267,9.589091898498573,39.46777601223087,78.38948635020455,15.780147963534219,31.21013908609504,43.068663333150454,16.937442420688882,16.233292690128707,41.39459904937223,57.86900100085746,46.8097160655207,62.44691399895989,23.089233781591325,48.05259801902497,105.84508188916823,2.0781120104293294,55.209936482464855,99.54677187694439,9.466905256403884,61.22112663292966,84.34317300939918,12.135470707898165,59.88894628793084,81.16822844070836,9.94901944172664,64.9045460140995,97.4562556525891,2.068529356814487,40.024448871286815,55.43524086923489,13.965034511960006,54.173498175085825,99.57218394612525,9.928249663028453,47.241299191819046,77.98257722023484,8.012003522153748,42.5274513551876,63.377116333167066,9.779945899415509,22.06172173559483,34.414477950096554,48.26955517735466,49.287917723432116,100.35611812490829,5.02074099531135,40.98036378715946,59.50804198366134,28.98055022698466,41.67983513685293,57.57014435900467,15.937190622592368,40.72599414087617,63.98079749570725,16.971316806459605,52.49192936739801,72.96189978830999,15.9652752821141,48.572240063682386,77.78014631125733,9.840510744195164,38.10076176886041,64.81308646737327,15.959617456477403,43.18741418086271,81.44073322044147,6.95653923704657,46.67086369413542,67.6582099985394,10.125092054003673,43.38077735332786,68.38219957682284,17.86182400302281,61.64603850209785,86.85157462632606,3.0657325341554156,59.884172887366226,112.83712257844795,12.3256279764245,32.119195651119625,46.459884066444,34.85637722126921,49.07305500292256,64.89289900829799,7.225039952730306,58.71650074406709,105.49307015750293,6.806571765918768,44.62388202678686,86.00553250126018,39.071919547556945,61.00785165951983,94.97432331639648,3.841884278293179,46.14952041438249,68.68983796729664,10.221144559701528
2018-03-21 01:00:00,54.99976220178959,95.24435011155111,2.135408771049086,45.375015497148965,83.21190479650478,16.178757670138644,56.38370249818285,101.18135648542595,10.267148459635123,54.24933483252935,83.12822217602513,30.069040958352833,47.870491063526025,77.86583417571323,20.13077482858519,40.001010445686774,65.1090624877703,72.6701667152061,53.41957783685441,91.61363383213252,13.099931643736767,47.96734997539982,106.48944476557716,2.271069782353159,57.46770387038704,108.98638968718495,12.32781997632393,65.2671705111324,90.04645733776253,17.0065304243342,55.52804223923316,98.90633623803748,2.2039896908583074,63.218053514074384,95.08144265187823,5.5208590967905025,47.56970416123334,78.69519798493609,13.447850153867705,57.751228649265215,109.57983223099265,12.036490279641157,54.8247842887209,99.55893741889771,14.906052850050003,43.32155399090021,86.52653087362496,21.062763957506704,21.990264198529207,29.69306528286583,51.76063038909035,52.704559476822894,100.61157134124355,9.01043859684814,51.58157096926396,86.59158349371594,14.070803470021943,44.40654275020726,75.94270473300668,10.920154019068022,46.88870491653007,65.19448338742413,32.74405499261384,49.52691779047688,79.06996711805809,21.921523729485926,50.95321588304661,80.27892519361932,19.893798314906036,49.07946144087373,70.37595749036508,24.9245172176427,44.00980624912814,73.89387654668525,34.95854404018483,47.39099461188814,82.0397443419758,15.81868554857217,51.972062440943986,81.03942244900652,14.049156510669334,47.628161744879606,92.56039596460262,2.918777816524596,82.61915528566632,110.35691158501943,25.792328793584502,42.54068054315433,62.99580573216312,33.08713936003903,56.839162285306266,69.8449731406672,13.85509801502026,62.588941105498314,103.8402317410537,23.965257693408276,45.95785266644256,86.14647618228635,44.97819930580678,60.59385225823706,100.04722282326841,7.286449140604546,47.938340612637575,81.82688850286756,15.362153350898176
2018-03-21 02:00:00,60.07532944831449,90.07931058427104,5.035725938807957,36.954871772525564,63.63272490613073,33.915743148031865,59.470839415426425,98.87934895441722,14.374704689694795,41.63037078598488,83.34709740229417,35.96263505166761,46.064445933930095,74.94488800568368,22.203657717120215,46.86077952878153,71.97011782572716,35.31480031503069,62.56484010737494,106.67430755418522,9.193106818974655,51.81199621036639,121.4976270550606,2.01822954083525,61.892523143241334,118.31805163410158,22.9675895487359,68.90500575121975,97.51764605467645,22.034592487593656,54.899509839096524,103.35180665785464,5.215591195581659,56.663517882301704,100.78527038287315,10.384974298228798,55.68846630045423,67.34937010818362,28.901950383759463,61.80159714845016,118.62869843493223,23.61992521120124,55.45881950946145,91.59049455909015,18.060641172349044,47.00324971602197,72.99942869373749,35.028711973467885,46.72179864383803,6.673693464257639,52.193833621069004,59.92338810227595,112.63984563531379,13.18532382834977,55.214500852887646,122.04944969476162,5.036900614062532,50.49248816941083,104.26263732574186,11.590117993017287,47.209423538683865,72.76980704611555,35.13703637202095,62.386402396820635,84.01941466741461,24.004205617248893,50.055488403394406,76.70129424749774,38.896778982496485,53.18813227442921,89.2530857911997,24.19352230963478,52.791145317299666,89.34265878276528,29.098121150661278,51.841150273071534,81.3744636699212,21.234216455433305,52.08586262417451,96.70814044826498,14.935382903969412,58.875907374106696,104.17187698644398,3.0198377741781925,77.79014867639228,121.76038322359292,30.446063692353924,49.87895547189414,73.47620536898236,29.163717819884678,59.172771078669975,89.26113643241594,10.06509590942266,55.074395578615615,84.02666486652907,45.102767444141826,43.12931686190201,73.61918402281111,59.76231778509789,71.38835779279442,109.08361842632866,14.311706977553037,52.24916601141889,82.2772613926317,21.3586444804871
2018-03-21 03:00:00,65.24635213708189,82.2028295134905,9.074280475474339,43.86536912394042,15.328708455838026,28.329656768470695,68.27924841659028,87.41163032268312,23.91021902939309,49.855940954577335,82.21906370259111,47.648063935322284,57.821571801213565,87.84166653262383,23.403312711270182,31.295916521723406,56.160621825775905,69.85476974410925,63.871894475349535,74.09706917441294,20.620497477876633,53.19345574786996,117.10101701226304,7.8329438202888895,66.60738190188148,112.00818546359628,36.769743807257015,68.2103593021702,93.44993986750654,32.10793377324916,59.126682966261875,101.41133147295882,12.505750922745754,59.33191633527976,78.61535471050897,20.824123216803557,50.21643188161748,66.73656623431629,40.01439978431106,66.96212446994262,112.17022218534942,36.829279141368794,62.37188517721408,105.05353789750737,19.29161527359964,50.88877642414001,59.75657212093367,48.20527592569749,50.63474176352804,6.641156272830074,38.67337062954394,68.6038502419354,118.96414514103971,24.987951335505308,59.57296410252113,111.12390832378867,14.971393937844788,47.592814090890116,85.90729429609203,30.57699099158291,31.431328526421773,55.11405574381972,69.7989701660285,66.5180148744561,91.0007245248668,28.917148520441852,54.87587035201152,73.44779829211222,47.997661304394974,66.78904556687246,84.13400637703896,39.01281843929105,56.01547149031748,87.68051727995031,51.85546903492559,58.38335228412966,88.01989226131309,27.052951328409964,58.72285538008242,91.09890678974628,30.968964328698817,69.3413099005871,98.05441119804404,3.1951923720077033,44.889007125159935,65.18996054736135,54.71967838379507,40.16562755639367,64.12138378876274,52.20503185574218,69.83526406826108,84.22594047815237,18.722491574858047,38.47692956655864,88.7194154641149,97.89298411181241,44.34503094657944,63.39065606478265,74.01872619457235,72.9119697503452,98.2897627020907,20.850839557120793,59.164971916388374,86.96872425461864,27.192501063598662
2018-03-21 04:00:00,69.738553754988,81.07919670556606,27.05697488301292,39.788685249364235,6.03893144839428,37.79653650753828,63.65958078022496,106.76501879003257,30.114811911039556,61.91210211899824,94.26192206561028,51.353452747437586,61.16579423429324,99.59266027088785,31.283509026728524,55.68225131560221,59.45391427638316,68.07594210593032,70.04930157267287,79.78953493585847,43.12168217463685,61.85077346911589,103.49555570299589,34.861712111597086,67.8789458554319,103.81079899219075,55.6947406973683,75.40484004931356,97.55000637100076,38.06514903693109,62.96384862524804,93.39146428021382,37.728668828316216,66.72722685321946,91.77639386891428,27.364697794786174,52.133654269395414,72.48589235693315,44.93845806597414,67.08167335374272,103.48476209141138,55.07482980020534,64.66686284914879,97.87993514972898,31.366462031695605,59.0489949280564,64.13810610533098,54.15069790582793,35.826007289941835,63.181729512000565,63.74760308161325,60.516264694908706,110.34033584261626,33.90825608703057,64.5837064347158,92.78679395369599,47.930625144478014,50.67954332191675,74.15258397713454,44.025118386817525,55.52259455094869,60.82438728472203,68.08132947600113,68.00108786881971,93.74604707274236,46.82852962212975,60.91392477274779,76.49186622748988,47.171785206112745,66.57584545986747,90.19043420407547,51.86819669298406,49.09142443484583,86.83808675533619,61.38859090838141,63.96427706721805,84.00145161516444,35.78669655207776,67.56920870159529,94.17932977120209,45.92567872969282,78.88161451956307,85.96326287079752,2.825316814566328,39.07549572255037,53.36745337513788,65.99709688276613,35.18433256874032,62.25747107493477,69.8216004880956,69.0009005994329,89.29244037428077,26.81014118730579,44.81846215218385,58.22368402452593,61.05660307597002,37.0038066189154,49.21093988645966,88.71478212482077,73.83123217948359,82.8394385828138,42.28540171593059,63.73473529332222,84.40412287007683,36.035945631980056
2018-03-21 05:00:00,79.43862785464171,96.19986776774688,4.075213977726499,35.70688882613924,71.27454087974851,56.783002998601944,73.51988005358253,109.6703531564257,31.996579588889176,43.40576158050895,69.48324685970802,66.2232744620056,62.12802542290862,87.0060461900662,54.881779471913546,60.41825445326632,62.4197858125226,69.94877057670891,65.24812245914755,89.6171939424851,53.86632816181786,61.1071504429036,98.06692797142094,43.03384069820512,54.51377962291951,79.52400728623401,78.57312560393261,75.9071765040493,97.50014291657811,56.901157896708725,72.77699432079984,97.27825918004731,45.964272445791366,81.93065610232794,106.24715638291691,54.03274180085434,58.87893305514094,75.75705135930328,51.86810179898109,54.999929970356256,78.03252307205352,78.72655032605785,76.91244449496462,110.77937608209047,47.62741715563271,58.182674575219835,76.09900948097332,73.99103122125825,52.69320599828637,75.65862750739706,88.79352209458459,61.82422452727481,104.1933069016525,40.203169617471296,65.30869638581959,92.40161807255802,56.059532819945666,58.9704288020865,66.10152728646307,51.8930594318753,56.42412146338027,63.25120736394746,69.67968636979131,70.4069194322627,92.28215679112135,55.188847744949626,70.79740675534961,85.47446273098745,45.05766773492134,59.50154841759511,88.86589300785445,60.14107241255952,45.86225497326396,82.54874605302774,78.91463102214502,66.90696814647708,76.0399081140175,63.853043266843045,70.47149467359182,98.80613918130624,52.191003899276986,80.01846792115629,96.23751154547384,3.9055860437710095,43.672380006743616,60.2338658823364,69.06429792916023,39.76656020266295,66.38706142960785,73.21710386538774,74.56492779066006,89.38669366896372,34.11590376064413,45.02520127493629,59.802147070611646,111.82578849779003,41.04597434617105,57.630264324659635,98.0096722249761,73.91513782348802,78.45302852006033,67.99467015422829,66.86324812349693,76.68544373904932,63.55314528780605
2018-03-21 06:00:00,78.255342259732,6.58013364654434,65.03101686749395,59.14377145507078,97.33498582746441,55.14762321885673,78.06144314783066,99.45946355590914,38.97563947242054,46.60372223040701,68.13362207786409,77.6624605750408,58.25574700767788,72.91724823095758,70.52387491581189,46.12118702170456,56.80080499655537,78.96778982501613,66.43595278031843,78.31404945298883,63.874677571505444,62.73123868953654,94.01733063219879,55.14168625587712,52.48084112464906,96.44791294860487,92.22415831290607,65.2520322930377,78.40698524778247,72.96620920855528,66.1329942517863,90.36915097409342,66.8722636699779,70.80221780441923,84.2234359561066,78.72075955027114,66.96370100083172,82.19531181998578,54.90809294766656,53.271431264868184,96.34392157180706,91.94252799663597,77.51454662540218,95.44536009821233,82.85437583648388,62.19794130452938,66.43010606162825,82.03037562307685,65.57097023254876,66.9348685636978,113.72777654793902,51.0641749954622,93.42027632032544,50.81307286843966,74.43984490457983,93.05491689654698,66.80612986995357,68.94454145191425,74.18639439600028,46.347333852799885,59.73891307980055,61.64507449357834,67.02423865711393,64.44073714642636,81.61169545031277,68.88735049739205,72.92603127997704,83.05036562895886,60.78413813233897,60.712861408103635,72.17408260249132,74.02062891172298,51.56953471344066,75.71356080693899,86.29753563499789,63.59317972511034,73.5719474317331,86.92703254244488,61.10909852264497,87.76316374735302,65.99102988067926,78.29093358022732,87.31688917427597,6.900089216096809,54.46765574360723,65.94314866958175,58.31810601279716,45.88796903982693,59.45046161356169,86.72210724373122,64.58512769845873,72.40035661478997,41.17265190214949,46.86636664848724,58.99254940539441,119.02041363551157,47.76704892458797,78.2899607872736,102.12315261621389,65.95742536231543,77.69728814475668,87.1132558728324,63.51728372128282,73.5325757358983,87.18269014426909
2018-03-21 07:00:00,71.2968147360172,13.891419420455264,79.73551284732534,65.78364229677312,101.0563048620613,58.12664356056888,85.57569237925117,116.67274383373343,66.70563640315513,49.3029741951853,74.73858543014647,80.21305955221202,71.76763184407972,83.47391653100787,54.90206386820829,41.470794883192895,48.835604645715065,85.98268443292712,58.55319354427631,73.09895786990789,81.84596255587788,51.256683162058124,90.03262940535369,64.66316859464774,50.39580515871418,92.3876099123588,102.69739250485,65.60725860484361,78.72945518973715,85.84170576082124,63.27631284407743,81.28570301280108,82.72741103328661,70.96964486287733,102.86952636781615,94.16478139594895,70.12507034993926,93.51480274563593,45.12950921568162,50.20560810897609,87.4669871035214,102.97454742505377,81.85061396838066,106.26043278511366,90.2146118920086,82.8067130982962,93.46694912343082,73.01183269811149,72.3545954775324,92.89046775980425,113.75279097739318,49.82928067134064,91.7506304499883,62.931417863339206,54.406570244795425,85.00739987586178,81.45815012703957,78.52684975504144,92.9824473773927,37.15699306547609,51.388949009673404,48.46775019924421,78.2985818272865,51.08443889961264,80.02915075969983,82.77747500286496,72.10120893435415,83.0195667860342,84.02553409855325,52.31994252679871,80.60019903497783,88.99206577720184,54.98484357505596,78.28813353009411,94.12783451729236,61.00967093247764,69.06708465855581,99.81385495383107,53.75588965981706,81.72158725450385,81.00590084263048,71.36220487407874,78.21154013738314,13.88288636174817,59.2436306566053,89.00600371201922,59.08595133158413,43.41710300750717,66.47494726318014,95.00885295613183,59.04738553598454,81.05158098209077,52.830450518134946,55.57254528573804,72.65116155412558,123.92547011047628,51.29350277365824,83.74472485799515,108.88992019011428,73.4926357836971,86.1968891191393,98.06965383732918,61.070229557177555,69.86028797803117,99.70359927592517
2018-03-21 08:00:00,70.79019560436983,6.5281050749212,88.9865038177394,67.30795010425751,112.47533605424829,53.700348427182874,74.16347422348817,103.6931609224902,80.91919073914619,47.41008045665134,84.6888345994341,89.7551940518857,77.69189102187545,96.57342879578077,49.79230246752188,44.00231136948539,56.51381402777123,88.58789668625619,59.423570426745535,81.72986849297352,80.9695940687694,51.69913011836309,103.1112125492731,67.08747076525829,57.0628759881063,91.63748485282535,108.9131775365264,60.66055732580777,79.56397031633594,90.99578385570167,58.263221512318665,83.2719312700902,93.03334149077858,69.7484306580104,89.51217584472701,99.50246106986896,76.86020133330476,97.02227728924467,45.06649484093911,57.57983596694072,93.46133318929299,108.83916969365032,82.74140539774505,104.86017435709223,94.53138835674292,69.15956016453954,79.23857948856363,72.99770299741296,77.87882661179938,79.44248337547705,102.16497710066741,52.74429872294774,111.07951235019436,59.142632666608264,59.75446285937619,88.68337366378748,84.13773880705956,74.81499286162942,93.085693605133,54.867405207360406,45.297464639313034,56.59110668074274,88.78473513724214,68.48323467029351,82.8305062068847,87.81696398207916,76.62481959642025,87.84022031994813,84.1551157935788,50.81291651836193,81.52695250239482,91.97664649321236,54.3519147201357,78.61993743775079,101.87332313568508,64.65289272726375,72.84587707613528,108.78469796331333,58.174909828497626,86.93050284223196,85.99828622519742,69.40614141980846,79.78626152762703,21.145363809836613,65.74912042687458,86.81313195473139,62.80609844996402,46.883882405364815,74.01171436592863,95.97880026753538,63.948559159083494,81.33818428721267,60.09868303750097,62.024102893118375,75.90861396280391,102.0213426119678,54.834913718353846,91.05541876279435,112.77991978742776,67.10014047907474,85.74164197036575,102.93027150677577,64.10871738547229,73.22385018285293,109.06266376430098
2018-03-21 09:00:00,64.23891408165676,33.86173302486128,89.12467094641315,74.69789259176866,123.43920370341206,37.12039716241585,82.52905960608706,131.54195237761073,85.03590356544638,45.66966165512771,85.35751740209274,91.0874496012047,81.97002362706391,99.85922183448244,62.91646783001798,52.546108617536476,65.31887483960892,88.17966933018116,63.442482254045174,75.86369294273919,78.24737661024758,50.175303781673875,104.51204286630458,69.87273170484534,55.46960185979358,93.0049839718172,111.09172697665426,63.974307727258825,81.31154037316892,92.99443608080874,56.605677979074635,78.48900856827169,93.07967837815028,68.42617115959857,95.19413985333654,100.32709004286446,83.13711348682116,90.4636819062159,60.972590965469806,55.51409945692329,93.39635703102128,110.99127119376374,82.04509268480183,105.24184970794133,90.83858929205417,73.9394801369777,82.95383168787127,86.6609008210961,81.7232841579399,82.5581008823174,92.36841384787216,52.10558886653869,115.15574775163257,60.98074428257024,58.90593219452886,88.49684426933683,83.77456935744965,69.06893734779743,86.65213179414211,77.66680213327965,52.02331918719752,63.98221490507102,88.75239116667585,64.43178320071928,80.29119475549986,84.9803764102439,68.2250200239903,77.2798022551936,88.61828746723263,48.31721495806918,69.33949555080959,94.040417257152,57.564016439304666,82.67239351723062,99.26918259038392,61.172939663233805,72.4419683110016,106.93349999109398,52.22885907618348,80.34877104450126,89.93968341895591,64.32650742334678,76.86697255891758,21.601373298401832,73.97162000639162,101.44096292129775,48.47592755698882,47.125318028923594,79.78132055356748,98.03263575714574,59.23081089662669,81.28320914665413,59.72261687944492,62.92705428193314,82.98957750726672,138.807831233401,56.173419962945324,96.27028180635617,111.92554813463636,67.11538355793263,83.39718757419735,105.16822233327974,61.32020046577546,73.23869368800464,106.65562142776399
2018-03-21 10:00:00,44.354602094090744,54.45861112922493,90.81195399734864,82.70282064882781,130.00809993621527,25.055602500545838,79.35951620210128,116.99126362223113,84.00201246983961,52.13699715991804,90.55108124167087,89.10798373093385,80.6018919932051,94.80636711621844,74.81218061478499,58.889443799272634,65.448222302261,92.32534340072493,61.11478586820326,80.4221634482174,83.07650452733694,52.25822029256041,93.30751004243945,74.89332253531914,57.979831173687224,94.0773091835043,104.93305801491198,62.04523242796446,84.2765000833169,88.00976974534547,63.70771590958092,84.29734331286058,90.73816174099785,71.6745355646824,102.44722704188142,98.2800715966797,83.61310045022621,91.76267746009566,69.01025577270732,57.80200743200156,90.78574982905201,105.00452647897464,76.22991258721134,105.64611110850262,90.22495758517076,77.15191546702408,82.02506879229924,80.96269441515534,80.76708794576314,83.94492967556643,97.7894177293624,58.448094815899424,110.09448328112705,54.302995236820884,52.36094470072701,6.277418227070555,76.08350778703003,70.06048789784525,84.42460031006645,75.35596246734852,57.803696076159966,64.79747834832494,92.67481506011204,63.33798944580238,82.92448304223137,82.97308259203298,65.77524815132766,80.01328856145247,83.10086429846666,53.814354908246706,73.88247560159269,93.86322157000393,62.293245420745855,89.03439050487879,100.84405932746225,60.909369685816685,80.5852252624172,102.99603380053298,59.96083490163197,84.61320767462269,86.8601788424143,66.49465070908623,84.60507248572928,19.013930960341455,73.41677125653266,115.47048119151196,31.127979868016652,48.13888774053227,79.94873511709358,92.23355688818782,61.309748569499334,83.04107880815451,61.970918797475655,62.309730409872614,82.19041988964872,123.02657613296924,57.078681960259615,98.16996410363723,107.96720536888233,67.19759848052442,80.88166763436303,105.65285084956233,61.780955758018,80.61573835607292,103.3106221477538
2018-03-21 11:00:00,61.88735728419348,87.82695268892178,87.0862197771802,83.00308008132208,117.74724407582795,37.93637853650908,72.50650968907854,106.88460552478992,80.0620478594056,52.63904209429618,94.23575630979249,74.57183700106674,80.49175769276951,92.28947745353162,65.10142643932811,60.24854846878276,66.59659549685489,89.30121956491348,65.61645110486572,80.78951201424479,83.69247405001664,56.882299187748316,93.76491786138803,62.342721298447906,61.73359119099161,103.74927193293038,89.0771040853619,65.05373878557396,85.49563001333394,76.01106855292824,60.48107230803772,84.67212676033013,85.18081423864096,66.52258150952551,99.57048508196058,87.38546292524764,76.95571528844164,90.45800664767079,59.050646112753626,62.688592996484765,103.98345499945893,89.01725129594334,79.1759071255147,107.95785096854095,72.25805892608254,73.2070373122147,83.95139279867118,65.187982393871,79.74082472948349,87.39919374724683,95.97160882319146,61.25061044650069,102.16288177401981,41.06321969973039,42.66290602106781,78.73598605333267,62.12329040528353,78.67889082218377,95.49382191466802,58.14279128066785,60.66464031647215,64.67951030057633,88.9036190807422,64.99436534406341,86.31856597469532,73.15210983155106,57.40521929161047,87.93672373700268,70.06230391966278,56.865156718591145,82.63427150405849,78.12189329261828,61.077139165819865,91.71619523390332,83.98189664073315,61.084923558643034,80.99351889093224,89.07527396835565,61.29682986755325,83.98080983659598,77.96622336366096,69.91819939463622,88.62989355421043,11.406554234577186,74.13593176088577,112.73080736587524,47.767859506954125,50.48087092294956,77.97277785566442,83.90886184062593,64.83817524097651,89.91358878986098,49.39235677165479,67.14366237102631,87.89212669998379,110.80561751695063,65.74604823616927,110.19815879049217,88.19216595500126,66.52717789698839,83.73599622674043,93.85624299222184,60.910217561155996,80.34476461705454,88.8929988143035
2018-03-21 12:00:00,66.79499976682888,69.81332843263581,71.05417163238339,81.48572985041224,114.08064937437115,37.87876351489463,74.84676961622216,110.08681956070942,66.0345516378028,58.033178149395184,94.45529754583492,71.69495935325092,81.7816136776317,88.52548915993073,56.70170351418768,58.65121354740638,74.50753270827252,86.16490400487933,64.48965539589494,84.98346304970624,70.18841904964586,60.280397201161875,88.63284298005858,45.911960801766284,66.64428979118294,115.66377193791448,70.2950506293108,65.4314605692882,90.87126210832788,70.97952621646903,63.01627228119391,87.77649134557574,72.61033108179187,68.80708134615274,98.56236013420865,56.02661325909411,82.95937853654846,115.34403066295928,38.11590644144873,65.33858141674757,112.0897474990227,70.00880744352072,79.28309544090554,116.476644034393,13.70302111423181,72.20496386744212,86.26781512265302,56.75660487344979,79.84622349606519,83.70441875340634,93.86732372915338,65.18369474978638,109.14562798364116,24.044863476161048,61.40267844099105,65.73814546887786,56.86092018424892,86.42783121756932,96.37872667673858,42.39780587671902,59.497773987018,75.42300400596032,86.06017336544615,70.4594714087424,92.57045224690303,51.96720909598494,64.86217512344771,96.23807053967941,43.108533607830196,61.68984550123877,75.31933360983254,67.17098072003186,64.2816968803265,105.38908852204129,62.496530509776804,62.89926633770339,76.48039758269408,79.90199910304756,61.071437038049915,87.85594835886826,62.099107645348525,68.90871478729761,84.5513749295408,8.926727686860012,74.9219545552961,106.88211524758873,55.21357531098068,57.907132540613304,85.23746112084177,76.89538328429751,69.56025111124171,95.98683106275581,23.323581366599104,80.37239157056672,101.43261566118673,75.98681643599733,67.34347503070265,116.10234792123045,78.08927872445602,70.61419658487614,94.59639989469312,77.15169465819363,62.0571939226159,76.72380116776829,79.88173671604156
2018-03-21 13:00:00,67.27596454471723,76.24489319639225,57.97707477468083,80.76158443216566,117.02627437210475,23.936025376477865,76.15903898031394,141.4363324028305,21.088826526130383,65.66617169429612,110.92157508330027,25.9619937704783,72.49102278903565,87.85373897120014,59.241930909399485,60.78251576000456,73.57391115854095,86.06051353174078,62.91490377512026,86.20379002435922,61.89169474003979,63.34556621249812,89.12529026635292,30.990236019167135,68.57733421701411,128.68708749836986,51.824076960630386,66.15847961990764,91.780296049467,63.97139405907007,63.716504735231794,86.33613933816957,67.2104221174248,73.16157146146176,104.41816572814659,10.254641567624404,111.51089752037512,102.1570736982055,39.80081193404765,69.07014268152203,128.34695163245394,52.176409619769224,80.95795689809792,123.40892262214344,17.2988844690148,92.56686371348394,114.77997922491703,10.182054397092095,74.72548919075375,87.94075420675867,84.93980476474898,72.74239397162327,114.1978986828783,14.568285250940924,64.14887822768777,70.3888060973083,49.24447073059631,92.3322126910775,108.05928435635813,43.41629541740539,61.27893127774269,74.58509073827751,85.86355405937189,70.77268279157622,93.08537104319116,41.80241081604027,77.75380367249312,102.3996439451725,14.091574058586588,62.59735547263007,76.72022306473792,52.203549556355824,68.0704992253276,105.58915951358149,52.858144366463435,61.34099070791011,75.75174746475707,66.65525169461787,65.4492053264929,95.06189962905286,34.16181609932666,68.37014780347305,82.88435008857167,10.560846977499814,77.53519413254435,104.61827046233705,49.78432426231885,58.19580253634896,84.0798826304918,66.98837938917481,75.85877690952991,105.88022744322467,12.82130567509732,83.29606218292453,133.90474959591845,22.046722835747815,66.22126921109927,108.18111333378089,69.8846732333781,73.49978493665529,94.68803579381515,48.330534091242335,61.68348388204145,75.56580775162172,67.53819807100949
2018-03-21 14:00:00,69.37690451153624,77.23149781144362,48.73102374414002,83.8164624496901,134.6673125974072,2.084503837599506,91.81925457256281,136.38377396487292,7.104664820247905,62.147637257051436,100.27316577833793,30.579954752116635,79.56356049289859,84.05358913157133,53.29661829446192,68.35644158667915,110.92189248052009,78.98208001390267,63.02267308392197,89.61696378116778,36.22745535037514,66.47034924489547,102.9726584350727,8.962684366200719,72.98857734865764,135.45487092829885,41.22859021676062,77.81785476287232,100.25761158183363,50.993927644786,59.52548587021122,83.01608495446999,62.75930797053352,74.69534751429842,133.81268251147554,2.2617967110431465,108.12055638119905,109.2064023048677,34.32666056562883,73.53789050048071,135.04979909785635,40.21456171364686,86.4549690734727,120.96466634467457,19.966190328626226,92.97130305015563,112.23772851667053,5.008189008108097,68.39176215672319,88.75423598615816,71.19811776721146,80.67842282662981,127.11686818928345,4.465185015843289,66.48187107032777,80.46646068181383,40.57613714715126,80.71959268163474,95.9837124213389,44.42280271560384,67.5815414030277,110.75909033869692,79.29278726457196,71.45504324312361,95.06967044070495,32.010700818710575,75.33177987757567,109.15708152393316,12.619077702382725,62.31804756214552,75.99505240899947,116.83141010101687,70.98050247221546,100.37880197265996,45.17658313626892,60.977276976567694,75.70633089365312,56.22852202673538,75.94441429772169,99.80609273364361,17.14738595552508,72.16296189319483,81.35811989386909,9.166500522634955,75.17561638874263,106.12872993622317,32.213643509666575,70.55609733971214,86.54984743124677,57.713826475195646,76.324895052149,113.62616387165878,9.817522078306233,100.47478542858931,328.0780949908146,2.9811023096707103,67.23956410084035,104.0178604696338,63.994396832273615,74.94285059060691,104.43301558082622,40.83359106201141,61.795240254107,75.79417530515448,55.97113786425445
2018-03-21 15:00:00,69.34224611532127,80.41974802277782,39.029167887104876,87.1218869891219,145.83023069015948,8.75997167147819,90.10981254465105,222.6859334243298,2.124888849842577,65.97289690739547,109.55969343114356,24.74198699769675,77.10104479710402,79.33598621984962,51.81771166849143,67.45292862262815,114.5566250091459,73.80532267741033,69.19663944935621,91.58216612250355,36.81420346969108,66.21220996161688,101.32222619888084,10.746418500767298,81.53734462108301,139.41559141326377,29.87755005013191,83.4065685272979,104.89077404530528,40.99487445453378,65.99270267948164,87.14412583629169,60.9589848661525,76.9201557000605,134.47479739848416,2.4861279660377207,106.0475586096992,108.40438156232129,29.349347445906716,80.59490483131292,140.17057593009375,30.138077879568087,83.57003970135473,109.50289548559795,30.71599770550943,93.1266701245641,114.93265701260879,3.0536677453100936,80.17499669641889,93.08396254431499,44.2900359760481,78.51908068605356,126.26010370233413,2.834084442584526,71.49011679671567,87.09065476712831,29.021291780349195,79.8692960741527,99.09018915534736,43.98840114732288,67.73947105071397,115.11969675387148,73.77506243893656,78.30887383467761,99.79255870551441,19.90527939226923,79.95086706352059,108.59097847007456,5.168226881986477,63.21995511114123,79.97853134256009,25.83943854185476,74.04135987633123,102.08702250392624,40.60942220396869,72.60096765597865,82.07779833341752,51.98590139960841,74.94268058425631,97.20472929388832,19.787247939745136,74.21237575187844,83.11806374611659,9.82075452923663,98.3560316870537,128.79991911004478,18.196287561860636,64.65152385497663,87.11474029159733,51.983458183898556,79.06041296002999,116.71852131250435,2.300061035365424,121.88171330477473,497.2571660927737,5.838699407515669,67.62026152442662,101.80048256671905,63.76553152902178,78.97039151014201,117.03757823801621,22.09695939873135,73.07391593437299,82.63583452698701,51.66698860260042
2018-03-21 16:00:00,71.77806239886736,78.35319852893517,35.96742817665623,85.14132936773004,130.331491717312,10.00061711306784,93.81496538893941,250.14700024753557,2.0050750874259293,61.62992385774214,101.45965700933937,41.16597428886263,72.43353813327575,76.50424448296403,51.00123013190756,81.453205575029,108.81539544715389,2.1271641829384222,70.09118189846582,95.24767437900611,28.692598592917236,69.3424536757335,104.57475640991684,4.158042755421796,83.62852594827872,129.2411297154809,30.87666144624106,82.09938529798998,106.01891108687188,19.95455559379903,73.4499017245779,92.27086074158176,50.277701309778905,80.48041765271465,136.13529791795264,2.630321732335581,98.25205049075252,133.69375924873626,29.61120461706622,84.00400233874839,130.97311944029275,30.660041618284946,88.59839654210043,98.10535052334839,42.843674922120385,82.12910896816439,109.07967226574297,2.0671253088078174,79.50212693395166,107.6358329496469,37.05573951714174,79.69417777485309,120.65382328223052,4.827192170155868,71.77497860977485,83.37135554152896,37.67607727249978,74.43907880263146,89.53715469058706,46.887120419055854,81.7573867454687,108.93734702114753,2.3055424495629495,80.38317703617206,101.65256312413992,9.992210282034783,94.42527419951841,133.17745964377278,5.243400021842795,65.12857368505843,80.4235468508382,14.01465792805704,69.29698791069885,95.46184670183185,21.262974970540824,68.362934884692,88.79023422538148,40.996021165058785,69.06874833865395,87.96553629291179,39.75668875018785,79.74681249023456,87.06519923149247,11.012999302109911,109.35880292352327,135.09726307360492,9.690978695579226,60.20779418095789,78.4653086223139,36.17178837384216,83.44756743739376,132.35985747994198,2.087463269936272,98.40544541241954,293.82899111889935,3.0365984264208734,68.6880674503651,95.4617723927066,62.92480484525804,83.4154098156794,119.17649425177201,18.494000317783936,69.08362165249345,90.0099438697254,40.795919560003505
2018-03-21 17:00:00,75.08375157865473,78.40373532857879,36.83476405470617,80.85452330329863,115.3211832356269,4.101450765557885,81.319632489056,181.90965169936425,1.8724903020696075,58.11593160600958,95.80164719654263,46.84231049507828,75.65467770185462,76.70571466744484,45.395898737446124,82.57810680564441,93.14301773798486,2.201580917823499,79.91061283113307,97.68533914875233,21.89302974207743,72.3721585670134,117.38755089165281,5.7905439509573355,85.64037616948215,152.19646791769839,6.19689680212489,90.92901880231241,117.43272760448757,4.077480649560023,77.93639891316805,98.6175911072268,33.17282512082694,85.2753269704599,115.21976549850525,1.865547263789857,94.25871527748846,129.22378786505726,28.728253974285586,85.89532837002929,152.09664101995116,6.217408873018769,89.63036405707214,97.06222866103738,37.40736887984571,81.89452356605528,91.66818046120746,2.0672643833013638,81.15433184648262,91.95190094851674,39.96600560680322,83.95744623874445,109.86738276341904,9.719041700632637,72.01228075786923,85.34154748022256,33.92536444204616,75.62179366932358,96.25941861618318,45.109272634820385,81.49253550057193,92.44328075343384,2.0907415088681347,84.41933018362711,106.3848317552017,5.4264926535299125,104.30911538071321,129.02824613453404,6.051534975286572,67.23950157746688,87.35101731643822,5.97822453050707,78.99748921084442,96.6019814365804,8.030477458459316,74.65900244945205,94.93686564025813,17.23492015525059,72.44016569623494,94.45757693938353,21.687736173587844,84.91385525511116,92.68014239625927,11.714371197333236,109.22258511001694,125.32757336215715,6.772345363804888,65.91790126115181,87.63354428773535,16.136518173045822,82.36541202969117,130.2817065190967,1.9675291012030698,100.58135914111736,201.68318631741,3.1043024415196143,87.06005660694106,103.06347567969584,40.23576431079105,88.6334043014407,113.84895635106747,17.762522159934377,73.90470308308366,92.79590299620489,17.68812046991225
2018-03-21 18:00:00,86.63927064380316,91.46133856708047,14.171944974559032,80.41862590073063,101.15527232826288,2.2760765290810667,84.75248752001801,110.8494028104248,1.888421262914001,71.8099161558942,102.11161180720076,39.16093221574747,73.07390159114215,74.76624881823204,46.603124954787525,63.42639312274917,124.86098557356812,64.74120089936129,79.48649896358629,95.77508100834991,21.483663574803835,81.11227784392307,115.96874031176009,8.764735783901827,86.37114392224275,171.6987198238744,2.048917877014432,96.40627889697427,129.6994382811094,4.051641379876877,79.42815691968734,100.14437340267017,18.19950022961175,84.07647079264471,120.70776824422884,2.266600172568083,92.55616385557425,125.41608416770558,29.801424134694187,85.85970804784564,170.90115966005428,2.3000493773747905,81.55065066507579,93.10151025971352,37.581458914669184,81.31002273418763,125.46672214142367,47.86970168790906,81.96105329617967,125.17564078704555,47.57887884929624,90.52638937567733,130.9625376924521,3.2448566911169294,78.76695983756724,91.05906668802406,23.051232808502235,66.47816559065242,69.30820420520573,40.89888435406937,63.57031988112712,124.54511213319486,64.98093778480855,84.7194222907013,107.70120398207803,3.992050934207633,104.22507177287397,125.42715294791705,4.22223288624329,70.78456968098367,83.17185412228032,2.1163475837495085,78.44122805884867,106.58293654035138,2.1190774948889555,76.10316404027607,95.38285741215982,12.807344832367455,77.08216365290168,93.44934604480235,4.239332452142094,89.74187534897776,108.32110719459118,5.339383328392351,96.4869124709495,138.5425476407874,5.132914808075633,69.03325372214294,94.00778933718729,11.04255450413332,84.74811634131953,128.86130041956855,1.6428129548500152,97.4536159501348,175.4674402708415,2.9964930038668243,84.94840430574796,102.91004696091625,27.893154568728193,89.37963636082092,115.60939250155067,9.362445374904723,76.62126760852578,95.71672349373213,12.86419674370675
2018-03-21 19:00:00,101.20402856241483,121.79400255654221,4.132668069347972,87.08524182318986,106.59925292580492,1.7212336782003845,81.35076076325693,133.79249559576354,1.856542751233782,71.93361756942979,105.8112958402371,3.3777012051792497,67.33810812527987,72.67906266680932,45.10371965445247,67.53510387667389,72.89807978310971,68.86716313799593,87.13089275505199,95.11604117430399,9.448350041693814,86.89117041760399,126.8176980021487,2.403542691807445,86.52088138884432,166.28267306526627,1.8273502388073055,101.82340908761867,156.0329919244858,3.8716939697248662,84.73764739425879,110.09966804496788,2.379413454933335,87.39009425151096,168.5664573515321,2.1214243503063486,84.59345772108675,74.04769543414226,28.047856070067418,86.84249191149645,163.2206947596559,2.3716342917346935,89.74528727426286,90.32656028772712,25.44053586601612,78.16398494117826,72.76536088185873,55.98294091489294,78.39234956967391,73.37359883423935,55.23532115296187,100.43133986156349,157.32728426967537,1.740846105794013,76.58003685483632,95.79672754979103,13.2240432757891,72.32125632735999,72.19384033307428,31.396342883675096,67.43614876978131,72.90824439581236,68.90983330904491,79.71952211187062,103.42192484427622,3.810690205832721,84.25778437921782,72.92877512331263,27.672255153272552,65.28073148158572,81.75502724591493,1.9453060581193853,76.27871140576703,111.73613633112879,1.8245842421665444,83.56689617951403,98.54677478935277,13.791356383531259,87.98110071746332,92.27630811754042,2.5550182395823313,98.69356965435345,118.4697442724684,3.0568187871145724,94.23394092354162,123.82195952017017,4.002167548394958,65.60717707685193,90.9164142436951,13.77443038454836,86.17934472446143,115.6604621242875,2.067972946511823,91.34192028910975,145.95383985048574,2.175208201834451,82.68818077186518,110.32029717985641,9.791658852814763,85.26927210036486,100.36391546717506,10.86679433072949,82.15101641468775,98.07234600076102,14.048020711451557
2018-03-21 20:00:00,99.3661831645635,116.09479660730545,3.1980618537644574,85.52332535963845,118.80118544741974,2.0045930692553284,91.7040605936103,126.47355046554979,1.990955418026509,71.76047206384645,125.45391050340329,2.008081840309842,69.90008691067631,75.20810357298198,42.04653111901865,79.9306071007131,107.85713787783473,52.83608347439317,93.79137263118848,130.41706084867698,2.021728784133103,105.24125824900466,155.03214235971308,2.2317951731498766,88.65574939595486,173.75207526816817,2.8492764657725758,101.2822909173721,163.5831753448453,3.2256048555494843,88.78741050145578,119.07301047721933,2.3540554392141644,84.4467660315764,144.9373017844428,1.8726063373717494,84.3566517554369,107.60122036106392,27.865180654194717,89.06727205397192,176.51422732093366,3.1155885327516515,87.48076484725641,91.86216999716484,33.70858681028085,80.63711397428561,108.95784374963145,52.99808033339483,80.02226700475796,107.82901951799636,53.19389135997437,82.46436685770679,121.54875689344397,2.199229634650571,88.49035676584973,110.51909025359421,2.418709998312494,71.55849440438776,75.58887437680644,30.983143771873337,80.63728224844976,108.68190219359397,53.041268702575124,89.55487218103968,105.0474500475948,2.9689273994404886,96.4472941519571,108.57247314176759,4.035534384305521,66.93816514633137,80.35133404999854,2.1684879931381076,80.05022576046453,110.2906117135064,2.072396067161648,82.95248681504236,104.54943997410119,13.324179710778367,82.65422267023186,118.92613123579413,2.5351381248925904,101.43381113760192,126.49944553164941,3.0636659685485625,84.4279421590517,117.83224201043988,4.083947606028829,66.67754640085992,92.04564972061571,4.259070384927028,82.69708019284556,119.09802465781392,2.0326569675272665,101.7024279945444,141.1995567794862,1.8497526324502402,80.95334562794729,124.91805120804895,2.5192344426970763,84.63974707164664,93.98279771539816,18.31063935650151,84.00576284404663,103.82833269212469,12.689505117751033
2018-03-21 21:00:00,92.292218408975,100.1239835743449,2.3981474785435566,93.57197383506465,151.89078899827985,2.2970861010479737,88.22119169694486,124.14485505341595,2.112630611782194,72.48862059634311,132.2481073855972,2.1024101403735216,72.48346704379468,76.56669573013414,38.88463059698706,73.60740658853769,98.12522675409713,8.114719848921872,101.42844201222792,117.10457107997534,2.846362699703242,113.58841005273148,171.2266100356295,1.994246846662044,88.87101932203865,191.805347740029,2.3337278452431036,100.35705471284012,151.41073267407907,2.782324303306254,86.53669167370455,119.13374466227404,2.234254871432377,84.58425140949049,113.22173754863044,1.9851388420641598,84.09711887926717,97.56405513659152,29.79517660745963,88.03996915333217,191.47169783271556,1.9747284385151076,83.55991614343114,90.72411939893179,32.243619704129216,73.0568009263374,97.18028135430842,8.08381829111326,72.54087995258413,96.18595540373407,61.67558988845384,96.48025509229927,150.02587021827168,2.0544017159051293,93.10748398412142,125.17678051602667,2.013319674319625,71.81939378779568,78.96844006656272,32.650786781173686,73.12897305709386,98.03360161459995,8.38344598261267,101.51293993697416,114.59760678863452,3.030699088297524,89.2912115887774,97.61594265662858,3.3063740033199736,72.62245930264933,91.73348461663784,1.9379030346193744,83.75852291680015,104.67623538759656,2.0645407023533124,86.46644251000711,103.20033859994925,12.8472285557433,85.49635336069055,106.10958880063401,2.2683448461283433,94.93069252151093,104.68200011520584,2.921875669279885,95.32575997106227,110.50848877298093,4.87997608349302,69.04376423322736,95.6269022567552,2.8412355751882146,90.73803538327611,120.73417533948562,1.868579261610563,118.35730729176981,158.57209863606087,1.8042149674943175,81.28503725690598,130.43874013975562,1.9346417742730893,83.54568745182561,91.3843690341327,15.826919262860592,86.59304852670154,102.48108030716742,12.971955915218189
2018-03-21 22:00:00,88.15110474039179,88.35052017954277,2.3400387376034075,86.26382024318289,106.94972171640576,2.2820681848082387,84.1708566684878,129.51763027327803,1.8718341954079136,57.547761541007056,120.49737157543156,1.7780509195667236,69.40268358772649,79.72168686987274,35.182211006960934,70.61169315524462,72.49434639995704,10.267881270652133,91.92229594912664,117.37164590210949,2.2190823453955133,112.06267171570391,154.1957360484797,1.9815314025593764,84.82912350526374,161.3730530414628,1.9540746886330211,96.89337905600962,120.9197430104738,3.2197167914828384,85.38106753420271,110.14272134085132,2.394403155313981,86.79994996829099,106.31290075640857,2.028794602384984,81.24265742064924,86.9699759595478,29.466653981976833,84.86621187899829,163.52092586948459,2.064997743646046,85.6913399898242,90.87775563634095,28.431224227975193,70.09088405169278,72.22379233540613,10.059010233102555,72.00356668926268,73.53632405946378,57.22923247251334,107.73868654673672,147.22909288691937,2.1244436368713693,102.18868655584275,132.51793886483185,1.9402574079274117,74.1829210850617,81.35422226426405,30.721495053352356,70.16942393422735,72.7135043917447,10.04564877201031,98.13891378281849,108.13076536736351,3.0687495011250405,79.23305633917025,86.16732327749119,6.805194865195489,83.50307579421025,94.96599766478288,2.052423675753545,88.92596889908641,146.67237794125697,1.9474207244451947,81.9078523948055,91.16848273995669,12.073845948703905,107.52298248066279,145.0826303437226,2.0120082559316828,85.58873193303039,108.10679122244593,2.132266386438033,88.18207793602927,104.42000762148386,4.69897351357708,71.34504135890386,98.22521520427254,2.201326561758819,93.66499556432157,121.65083156609406,2.2410495406727193,113.46373638529047,159.0006103269739,2.008588885068903,83.92392582745235,120.15387604035361,2.171136881889595,83.51728892669634,97.67835891927719,6.0853460351207005,80.98917796819038,90.24003181667786,12.022479104580789
2018-03-21 23:00:00,85.6774333207218,86.34530318374013,10.713409270256399,96.04973346745028,139.41897413071445,3.1764436622821464,93.66435305145106,119.53383380930148,1.8759827100570519,101.06768149421175,130.88133816280043,2.095703133012705,84.36200990494203,89.58943060821125,28.651016768161846,53.632543087999196,58.064280620302924,42.94837913142106,98.03134227988406,105.21142165423072,4.009815696834885,98.55852845566693,127.14203445838433,1.9897445165727277,80.40011041780399,149.48480699480297,2.496958565413337,99.86971437589618,132.50487388471655,3.7761462497154383,85.50664042610163,96.21328977932558,2.6611941187995427,92.92668721133171,150.4084009337466,1.9745619602333875,83.74832841499159,77.64161042951797,21.37002447210135,80.0397827646701,147.9160903891701,2.0763219087938722,86.19166986032343,96.43186284866853,18.2351092298983,71.93596047010699,79.14819295107709,6.105263451274155,70.86731678186473,70.94317239603009,45.032621237386444,106.45353791926883,145.73858656262232,1.9794645189556306,98.64109828323159,126.96785158435013,1.7807944340435,70.3552681457487,83.27775057884139,18.12433116051332,53.279817552840775,58.10250534197707,42.934904852857045,98.47432188089172,103.88024735539926,4.022543566360433,74.29852517799398,77.99404442902845,14.87376075259641,86.26953214165675,110.28508202779227,1.930768329127062,93.64506115618546,174.41470196691577,2.056424607934801,81.6717223386517,91.9590367079427,12.967123342570794,89.62856787252852,114.1121696233365,2.30917864986543,85.92724350976542,95.80886339874276,3.178172089353474,83.91603325068272,96.11382329831217,8.30849526026229,71.58025709530168,103.02019192408744,3.0071277444092814,97.09592688883856,122.26430406046782,2.227437525585124,116.92744282640069,163.75696242785602,3.0805801937147947,86.77084399833625,137.25674264388164,2.142153972967151,83.10323294856599,100.4680758775294,10.635518849017984,81.23153919920937,92.15536997853509,12.692440862044215
2018-03-22 00:00:00,77.54289802021522,81.82279186418715,29.94764570906826,159.04885518904933,200.5994738865897,8.853257495627979,99.82442360506705,122.41420623529503,5.137810231079939,86.24870650582247,171.20557516695158,2.3240765359769426,83.41750879533993,96.09224909795391,30.665803064615645,71.84257264616268,103.90375881211935,45.70561024237926,79.54630222409841,105.05296034262905,9.92895231785318,94.78469108477725,129.4540048321484,2.0152647419525493,84.33906264754216,152.1619506607188,9.071543836707981,94.9630417802646,124.2006766055286,8.930804773525004,72.81359942891433,97.8862718872113,11.006115635695096,92.90882440859582,123.96033163692677,8.640169773352063,86.00551926798579,88.85327769007688,22.723852145744992,84.08723554101608,152.85750308085898,9.655563388385907,90.92808563359706,107.5365494811746,19.731577285587534,77.8805043243216,103.4264258430221,12.913952997130117,76.96958912075267,103.13091495143388,13.208457221624698,95.69631886237599,140.57157549888538,6.790532404030223,89.8422056811598,115.11414271133788,2.2497535218030578,75.47780754903565,80.2425175991211,17.039799041298707,72.52845607275258,102.9387858421895,45.960958183788414,92.52807204836584,98.11095924248298,12.132439567000382,73.58032856972403,88.87985196420121,20.19836357093689,72.39944121039998,131.04846006845312,3.928357549368407,94.91906043067564,136.21588255772565,2.9394426609212374,82.46618927897057,103.62903844614075,18.925225210895256,86.15958068892493,105.57260445457474,9.638652630461763,80.33775624869295,88.12506189514312,2.9882581926796092,107.94061911586411,120.51392371745283,16.801409542784434,83.62038498991458,139.90343728325016,3.1185370580793332,89.83918098931349,112.35072630018891,4.021140259913935,119.66589199907415,191.0321854626261,5.114395773976,98.37554240876727,157.49232817647393,3.076559043053969,84.21906226657617,100.77373676399334,26.6835164271519,82.97215589493183,103.28382875252903,18.854845562498497
2018-03-22 01:00:00,77.04685136577231,88.19378253063387,44.6298941212072,114.5367870813801,161.1070017446001,18.859733821011183,100.44760996336598,120.25156601398567,17.867677298472536,89.88888494567937,161.55793732115308,5.6620153351885065,85.79628032133665,107.62280828784338,41.54079826764881,77.97168720919197,120.46306462701264,45.17384737802296,74.35852911661667,90.69214238322839,28.714984571558993,78.0125888044922,113.20089392208688,13.90111839038697,78.99152411564275,134.2388872887278,25.938577835558497,90.76438897726034,107.76693681812174,20.021380080771614,77.49037724077075,98.57647967116066,26.55757656257223,83.54813634849748,97.04115232867107,41.56581292999955,88.05606904596318,92.70210837207075,32.29777232113979,78.89950123937692,134.35427010463377,25.841337610400778,95.65252988790837,109.6554853145356,40.66164350116044,81.88357875707338,120.23769966806307,32.66227404946328,76.81805220908561,120.12620574801224,60.98929662885301,80.39293208711368,109.76187772278222,20.589424448843097,82.53648354702416,106.42921702501734,13.750057221715906,83.90766328608586,107.89473215199371,20.40274497544067,78.53487882183879,120.76917591391296,45.239696837395236,83.05264435003814,90.6897305833211,25.054578628693648,76.1718803208095,92.577276978898,49.64508237008488,80.022897129754,98.5903595315507,20.682819362397105,96.20372904373134,146.34260585470972,7.192808145709684,81.78335740121074,89.81793580375745,32.858899830371,80.37513955766008,92.66192409868708,37.76460455362917,83.51762701295097,88.78584202669305,3.2323267563203544,154.5361457990275,173.2663435543337,21.89052455910882,93.76724914048049,149.13922615801414,6.415924407491069,89.40269097604295,103.0513836050595,9.784663813438264,114.06144366900574,162.09408522297306,15.09375312670732,103.40364516067012,140.3763823988265,17.81704578932002,86.22383856530828,108.08474402189528,35.90360259208789,82.16995336124756,89.80517559269629,33.04106704812667
2018-03-22 02:00:00,81.05081678148932,101.08601348088439,53.991198081058926,118.90601950661495,182.72785511232718,29.95072248843681,98.83905246944406,117.44501775767627,48.72845790224887,85.76526262539477,149.1055929877965,17.14004435351677,96.22742889017405,110.70236214706173,53.65045418096025,88.91872974378002,79.7270230988587,56.357952938386944,79.7601081621714,86.0669527946676,42.009457907780295,77.3788113299623,102.70648437623714,28.902673641129176,76.99023889330392,131.35353586703008,45.48468152679074,77.6593021667598,100.35321263124897,31.969890928348214,80.6970685806715,101.55128596644265,41.03952893984044,83.62311039446375,103.0835720126034,48.60543911200565,80.43554321573654,90.36923765065237,61.87159981443625,77.38983011389746,130.36609044045386,45.995359344084505,96.23147656950576,112.66473289972075,49.44446930477331,77.38271506774058,79.17824023572746,62.902120248747735,78.95837189344053,80.17397378780939,81.02754034346245,79.98050459537474,108.02902882922055,28.29145107666325,84.13988336085487,96.85447373852959,41.09077780018991,93.02881513718178,109.47450345274834,29.390738274072344,88.2661345031594,79.89819770135698,56.14317380131505,80.19424803625027,94.3043217160255,38.88967345947559,79.79637220314498,90.23717759062822,61.99421384697112,77.76718793503179,87.59330362918415,35.78162771632179,94.75850073222537,146.35236937938953,17.792635226995017,81.11497465341036,89.47291445541906,55.07860981912394,77.68082412447404,97.81022563359507,46.00015265156495,81.15832408926279,100.21833915822879,40.62111918059368,130.41045681439266,175.53394440260104,20.32263725517747,86.70668227627137,106.37685913381189,33.54484520318401,86.78162111322688,96.3793560719415,19.0012510351574,108.64643734371987,120.19902665697431,36.845022298553985,104.35184062897093,124.90330490954543,35.196520227490105,87.17077726360509,94.20223047729229,52.8274515685858,81.33080879350258,89.5158120551263,54.53205690960358
2018-03-22 03:00:00,88.8907232919536,102.06161857878236,53.24706300601195,105.60699450710156,182.1295024975767,51.21188598395763,96.41640870081557,121.97174869182172,57.55384097651138,91.97777867240801,127.88694344991191,43.67509136458172,98.81125210577758,112.64492671123759,52.53816000086893,83.10890954161879,111.47917956460316,89.94351613012273,85.87452605536929,95.20249511252395,54.04687657619745,79.55319170721775,95.10055095977462,38.138187519087666,80.02581120304893,122.03785743170434,61.09614859890982,86.39978982109429,7.497415053048954,53.81661005617338,87.23452866577529,103.76680253212044,52.08577905321649,89.42829392902739,116.7955501704794,53.99035446026144,82.17313333279844,112.66423241171903,72.46465116797442,81.33240094344693,122.51367309263205,61.117526360182914,95.49096057136124,117.70354718886642,67.76373267355967,68.90945997068778,112.62868114645059,90.79536547892043,78.07848674470033,112.23804747763722,102.82800213034281,84.23359593407685,99.9543135752751,39.917761183309054,91.85565675616422,101.79822262125901,55.02365049503421,93.93755276590757,111.8989056242509,33.08523687977946,83.05643393667575,112.1842990531311,89.72227686059995,87.61780736412479,96.10225987497824,53.831069454124076,80.26376630436022,112.4204713724436,83.07388457563343,91.37902680120955,92.72689510314281,46.42112219727979,93.17173660096836,110.12640396403609,42.491761399455,83.07039198198247,94.0927988256985,66.1858951085348,87.25256499735819,103.72168031822403,54.111950948927294,100.59785002053312,102.51515074270772,5.352158826477371,116.42573765718939,166.39440764158996,30.850924938983304,82.5607436973196,99.10934955912522,55.575783386235585,95.73389993975037,114.2491792904012,26.91402158063533,109.78071568085053,114.27796947109023,69.82559801280243,100.28638529613598,127.3485142906365,56.76893819292399,93.29473651034344,118.77398469047938,67.91742557586757,82.89273331884482,96.16606988002577,65.79768272402559
2018-03-22 04:00:00,93.90003737558554,100.7226148106981,67.73878200696464,50.98113104074418,58.490320984905836,85.8278973591691,97.14583585198689,118.18181026257838,58.46838244986591,93.35510126389009,136.4924142997184,48.05250233232334,104.76392178611039,121.84357552802133,49.89699583503503,64.8473430042142,81.7380630381583,95.32859908831094,91.50469598161594,106.2725967789004,62.676224046724634,82.14435548158603,102.50366434553408,52.948804642187454,88.20045250281595,126.68015625589155,73.10999025139567,69.17818478465338,95.95695254531105,12.107016980904525,90.85464756346965,102.11451503816605,64.59362692173582,94.3815309375147,117.84735993547889,66.51605075627599,80.1627865538145,80.73933909894079,79.77546459750285,88.02973854054417,127.14680065454547,72.8532611735971,89.90710140048046,110.99386223025282,79.9076809498746,67.328092816137,80.312212240881,122.78109089602773,77.74447221211466,80.27537592331785,123.06845080652931,88.02521748481625,128.4966402651595,45.86916562627893,92.49641582550436,97.8929904300584,58.1132257303343,93.56938949291805,109.5961539227038,39.69866318574944,65.30353743560153,81.2647214643026,95.34785724274126,88.99035448823189,91.38812067692488,67.88689049557685,82.74455307651665,83.73978344508906,92.10181914820555,87.07150590254058,97.79113626702113,59.85340276508582,95.26624239515354,110.01509282663545,53.61118582156786,90.40035857417382,100.21873276170132,80.02689122169656,86.19494529989731,101.33066519266747,61.87854019126323,106.81922003990283,101.0723313410574,5.8399732312508235,95.81446821953813,136.71149140034643,56.980289741702705,80.90764018041897,110.00972726534216,59.36764546901539,95.16824137008945,101.73184030058144,33.63245087970234,106.92408493636873,118.74500775622879,107.85459385243922,106.40182351221723,147.55203626175495,72.1757062735773,94.33433279414263,105.79847719775707,78.98242484856215,90.20655869989184,115.42542338017665,80.37399004922804
2018-03-22 05:00:00,89.33152549741484,97.17030001184992,80.04127106069704,35.62985911462742,120.96947192757385,94.32813806367363,98.04307933284613,107.5210723349489,63.92166812598942,100.11170199433069,144.5088905089891,49.31385055227402,100.46916365598221,122.22301127252021,47.4746655539575,66.07368623945872,119.25652515149852,102.66847173182506,91.00047180317712,96.02777470611544,74.13346507340748,86.70102954612554,124.91031884300804,47.21174008117222,94.54226690382677,133.86921450878347,92.97995839598907,95.56373159960685,99.43090223353681,10.850323324292667,87.1009989397427,96.74683285033738,77.34821015841156,95.4633076074536,106.83852720082723,78.49096036478025,83.36108421790385,119.64823290522133,88.12985250515013,96.5214097606669,133.41812748163395,92.96599740016708,97.74830966339346,109.80524073923581,84.8565350350519,74.33757250724452,120.17653043099358,108.0755216873262,65.9489363653033,119.38038236906372,134.32013230305625,93.71168098380748,144.20995789920767,45.49848484144816,92.24139465327411,125.90122725121687,64.78682483652345,92.74942809214276,110.57490893937667,57.34915857809406,64.50497514415517,119.9580915751995,102.15142970415107,95.11140363068012,97.34295368434425,72.9857797456099,87.2354100643072,120.45447093397036,97.06264526702809,86.2231105681775,99.20170543494206,70.08645106978811,93.66114563816151,106.6583787041825,70.76695083091799,88.29743232222901,96.60663738240284,88.0488701522548,89.28500947114595,100.67861397134854,64.17048026295167,94.24312414216745,97.16376272414576,8.725134899545054,58.981366166683166,120.25336075478425,82.98119216736744,90.40770897812801,109.97363180907615,50.21976433058225,103.41191374940999,106.64657147295986,37.12769559648285,101.46396887940006,114.30799005033234,128.94638377761598,114.05812631756245,153.1583796635812,102.73602144142973,101.16153110450726,112.91020438375811,79.09212060556418,88.23458238952551,107.44975334588722,87.75111924654527
2018-03-22 06:00:00,83.064062768744,92.31677573524105,84.99500314811573,28.28553604860204,111.18965006359662,96.06763451709364,81.68593887910808,85.08939018637592,80.5982656778863,86.22093756440505,114.38669446900923,75.29397270421832,95.44643751908164,110.64984180019808,70.05955121951139,59.04163009512831,87.1364797061296,109.95565042243368,92.24463811980829,97.43286390837586,71.10851793922576,83.92281288287622,130.45158880899453,57.04990594679696,90.58555028604889,134.36052906384552,102.13389387912889,96.72919606144256,101.2854401319708,11.119512458314617,79.80193971764534,91.7418253985671,81.40136517828248,103.11762484179064,8.123566849700083,43.530895499652104,83.38141857569244,86.46267242934078,95.68500682698789,91.75327091910212,132.1859386284413,102.24927947245102,105.0325306969747,119.26203063634912,102.34738308596232,60.27600560895015,86.1386420944325,116.00051518381872,66.128034340418,86.28197538874872,141.38554628032782,90.52014490192758,146.1087165446398,45.547246648952125,90.19430020737126,103.61561284181033,69.91380098525266,89.87664617778904,110.18668878485224,70.29064270714355,59.36466275237161,85.08997159479597,110.05216712870246,98.98640055730971,99.03262600776145,70.24095603735525,94.05046946904986,86.44280108070348,93.1388939773529,85.24367132711173,99.36952209947273,68.32513538183106,92.4897162745327,99.24652998234839,84.26939259937869,82.7637416437068,92.87297377623324,95.89015763686632,95.36663126017214,102.82378986620414,61.37480139178858,90.1828048081825,92.47984244914937,13.13737292473887,28.324698069975266,110.40255007364114,96.11284071648096,85.27322045694751,90.67736472306628,74.4954100568969,102.65355924880991,98.61550671799772,37.212324022549225,94.65236035733086,99.07152209096519,142.18124442749888,109.59784884008101,127.32617962542022,125.10481848187548,97.5345752764248,114.04695731907404,102.94684703808143,81.94873013595497,8.141026252592965,96.2442682504392
2018-03-22 07:00:00,79.72073171437515,84.34049936645337,85.18997228955286,17.35708837769934,24.274588596248073,97.7180305822192,92.33764433478748,110.52758184278575,86.20536735908024,87.65472451155982,104.27641002748385,101.4852927292987,91.73198686340693,100.1347541421099,83.85349794087644,66.38323873460843,83.46493335167844,110.0634401943654,89.28417134236878,111.14174904747897,68.04645194663082,73.20619920107598,115.41989009859006,62.01457251836725,97.06308986033245,136.19053928068564,121.28663649698011,107.03902037275722,116.91923558185586,13.859158776027343,89.64198434655215,107.63570525093307,78.44106023682309,98.37104450868131,8.405804768922508,132.8722468885033,83.4380322847722,84.09317270993233,93.28635527974217,95.99639791570593,135.11969613570977,121.80668430464041,98.08579018455075,114.63964436488102,132.223514153808,53.135393687766935,84.3217659148333,120.01928822338286,42.377845905558814,84.27952487610516,146.39562415095915,86.26063486642434,147.44976777428684,55.901209430961444,86.92042500241408,133.46910847763945,73.39857553967906,75.4812341935108,116.46547878033921,88.30903657093243,66.61380753086776,84.17305004394419,109.95357454681579,88.09486277533476,108.10804203908341,71.0713963498594,86.07976308916611,86.72024843485318,92.84157344687574,89.73571746082622,99.56602206672406,76.90065079813414,83.37578154514608,94.14474060391464,83.30129849962024,89.47887722216274,98.2120841101786,99.17509292378492,89.95637731374862,104.02612390370103,68.0614911224587,96.6063017124004,101.86149510402244,11.012813161714035,27.25463294462561,27.769730204821997,99.71995107461167,81.41484760110575,103.94723858726167,93.01674903173028,98.4694349955953,106.110966983954,43.067659529496375,75.27941072989861,93.05657837215594,146.16830178531916,97.67558112479101,105.27178111583622,141.79892584198478,98.69925916399475,110.96383953062416,117.87991827157732,89.44652317259698,98.57268569774507,99.55470195569478
2018-03-22 08:00:00,89.14508264023365,96.08868277191732,100.96727732196032,20.095654190399884,49.54279394499706,96.88745937747939,75.27361889916793,100.96523876105572,109.84270673805443,82.89202823540879,104.28985586271301,116.00799655679629,73.4410193070907,94.96698804688177,96.55880208025408,39.9871130747178,49.848956088636044,108.91398032416407,96.12099085920755,103.22062051667918,107.88724067707051,73.78377610818957,109.86766876323917,82.63473875252359,91.41175229259608,126.48255367502414,136.8941170918155,73.56383346502126,101.69907603567933,18.1638685747644,85.62022865410273,111.21563557625055,110.78422347502541,39.113798212050874,115.64211335203545,126.96163263574897,84.90949952085745,95.43149694591969,82.15878928207613,90.35410527732549,129.36191017508847,136.7096751081173,99.69449810433093,117.60931170468182,128.11072056560312,49.28259108123376,95.6229306195192,116.94017408427804,38.45536294255305,95.54065018948442,144.62018309098244,87.35378732647379,129.73307332609636,82.77785345704476,88.50910677833238,121.37733181685084,95.82048235018034,73.18772771271142,106.38508181749995,95.33516347794148,39.80011198124427,48.39438218289641,108.956292648009,96.16340303583922,103.71668975901972,107.77813751416534,79.02205853603047,95.63141132290293,84.05967628588112,87.35225207501686,101.51819999519572,111.71064762923316,71.92691880852134,84.9158039843819,103.74317679628703,87.49253382609686,99.89033626203233,128.9830066692044,90.17394644372091,113.95303115205591,87.69040450851537,94.0549230712937,104.80571173733739,15.191518977447778,17.691975274735576,25.512600194875034,100.37106172960851,75.22117801395983,94.98353898272106,106.96071902158987,99.0038302986863,108.90354081625189,67.90398889625213,60.25319540279091,83.46486742579287,146.92586268105043,80.83283251942848,86.72753793569939,144.96671219869995,104.23835094708366,122.77719753028771,129.98491146469541,87.05744505647594,99.41573808754308,128.34182729217318
2018-03-22 09:00:00,82.36382077271678,88.18785435083208,121.56050502658209,18.96073133259209,52.43796016840572,95.9108019775503,76.79166429968936,110.14569780568296,116.97631709294882,69.4936499181859,96.48483989717123,128.8444732554848,76.7504081848507,102.81923282776135,104.19997463269084,40.988267442093594,56.49691239944363,95.93758339695776,81.62421845462205,75.26739230330425,120.9857764373142,76.09268155774367,98.96966481148539,97.13477576225586,97.33248900392277,141.74235232300006,141.04060197740876,101.6111181601819,107.56714137893071,21.799351862694763,82.6192296043491,89.34691025944906,126.80492727930266,99.26412494508276,125.06497361809897,139.92102749039003,86.5592206397562,95.68795895918666,88.81207237580156,97.44693782020032,137.2791752705902,140.64840189401596,107.68894497204724,131.44373572051182,128.3529849872603,71.86635266554626,79.54635826990194,97.13877234449407,60.357563616750284,81.1677171079822,132.32730150851867,78.47758313676925,111.90072121516044,84.90075303566621,77.30592286424164,101.98227341032656,116.99402092327674,78.35500704713795,101.82672502834953,110.92631062103078,40.75528569984232,56.610824130367135,96.46270322304149,81.86829371745064,90.51208502572857,121.05963138551432,79.62415415602322,86.5713007842707,88.82708687395494,67.59127046427827,90.55240047731051,125.96198348784912,76.74919571758075,99.3465720630481,113.92578503688735,86.55007361642001,102.80804507579414,141.86234462252548,74.23959674266044,97.66439945969584,85.26956038669911,89.77744699911412,99.38178794104724,22.938811799047695,21.45792007684814,51.82806838260315,96.89476959923344,70.20558661972866,83.69434569905981,125.48141486205316,79.18156470295244,96.03883421468228,84.90954313124941,62.904466018406275,66.10143730653522,140.82901848746002,66.0428372024509,77.36442605597132,143.0220836728903,106.38777583204691,133.0843568417818,147.86596044710936,87.45439682106215,101.28740001835173,142.08297884693093
2018-03-22 10:00:00,86.8940507871409,99.91968193529945,128.8807557459271,16.23586863935079,72.6697811646516,82.22915547123739,87.58164605202984,125.81108833962436,115.91620239027131,69.88720213481025,100.349528845773,124.22938835116494,87.52788266659206,111.57766670736046,118.52350686821785,52.434833786599114,69.66304895808604,93.90364424727257,51.47797074695277,88.59998798641469,133.01041076266714,76.32603524181788,90.99690385363796,98.89137571809373,99.25004115361858,136.76825869391894,144.91451186823502,98.80945993078694,120.33091758994921,23.988818272624133,84.80041027107231,110.47927324099483,129.9077064002245,99.80447954892306,146.00641968433567,138.15001980006338,84.7749468063997,99.97203870937531,68.25047417951616,98.9683496327674,134.771133798908,144.87597228919705,114.8349044755432,151.93576852991305,128.1617842760253,76.6909012369983,88.06662042472661,78.14685182689769,77.69052609349328,98.63016374089943,108.76507145414992,95.61578123722009,116.81832345212497,79.85137683550327,81.07784698233684,99.6923513251966,120.07169386824145,81.25624913657103,109.96609821830988,112.63839517388617,52.4788303855477,68.93520566455302,93.5749735773799,90.3137467359926,106.32539142306342,126.01185879208248,85.73149477315285,100.72719259732291,104.84145292359493,85.61921569705886,86.80063070100286,133.01456413113928,73.49371307816219,95.7320112337904,124.98559495534244,88.74511601359805,103.77744327545045,135.07745759817504,90.3605142976227,107.8531240803475,80.0397306358286,98.8702586242737,115.20768067427626,24.36529785322111,35.91596929470413,92.7131619762665,80.3400792113486,64.96656556977831,83.32267767658044,121.8666713125867,90.3460913894132,125.31633469057336,89.00624532496032,67.00684918178764,80.34159726797068,134.8798010518776,64.77757230271831,91.79849622281998,134.9890529324033,107.75315408261802,129.339150525351,143.15043035031402,89.00845032887204,105.39533235821087,134.99918710409392
2018-03-22 11:00:00,103.85483102588852,113.83141942530219,122.74828460124607,61.88774453412172,144.96514220314015,58.19237626248974,111.84256631409664,152.9020114979737,99.99324047632649,71.49634082532862,96.32122739250012,100.84467684476485,90.26033134546529,110.06709569440085,117.06778343983653,66.7702188874596,70.61418505447656,102.81870684645276,87.63215033335348,101.60807963102812,132.81373747795033,84.67477402465384,95.55363396695506,95.89420844301506,91.85533712847908,127.86899746914405,120.17517886592421,105.11004045106566,119.70401541064166,25.88966821085499,100.87376595904377,120.88870761342632,124.88424533319679,120.30838774412385,143.25230531101175,129.82545274576972,82.21829655271951,99.57025693588633,65.82510585867051,92.2791393146575,129.1772445559842,120.11434421253334,121.76960839246684,150.99747991696302,116.09503916303967,78.26993911523064,89.432530718147,63.005559142901966,77.47929630198614,97.84634196721305,89.81364093742026,96.26299246303246,114.2331783003554,57.759453931017305,88.59546690211337,111.85188343041669,122.05963892105734,88.76821987477237,113.11080610664963,105.11269085866738,66.84021016486636,129.55604573307184,102.58149751456236,96.24586426898182,114.83506249674622,114.04802766850867,82.5953662321468,97.81613516278982,104.95189377994713,85.57735773964639,86.25658062991351,114.06278425259433,70.71627226263355,89.90053179047469,115.90217883684697,93.82287323937335,110.78401850820222,132.0242012368725,98.10716590995213,119.23218295629627,113.82752685694149,113.8261718396435,118.80742875892297,18.343972088635944,96.1525562879421,145.89451860358753,85.81015433184346,69.68556512105125,99.91971762828516,100.15717927651009,90.59122882111754,107.25638005495453,75.88195194758613,76.77984937150136,90.09182025416735,128.34903423579394,67.71106443978428,100.26710326604713,114.01190312294837,101.45819382199225,122.95629407313785,134.92129766196186,92.65749860545549,110.56305848764126,131.89816803081504
2018-03-22 12:00:00,99.56316926991241,106.26343127754153,103.9792737884149,74.87346867530738,136.98352766450725,56.05860262092353,123.8847365530016,180.1875553547681,56.11784448999356,73.77089561996144,100.84283168297006,76.09686519457603,93.3403970699083,104.65241902632067,103.14921111806883,71.59035290343758,77.72239861063278,100.79749821209097,84.62311885902204,99.43749731481778,95.95328679628219,83.45707613171032,100.45090854370996,30.229419625336998,85.47537539075512,136.1740752276568,71.18396995189927,108.31199534964679,122.86171413164767,19.86167341557381,94.98045901599627,117.5170556404072,95.8103492455025,114.73363823125402,143.71195593877422,98.86739141592531,91.67164420689514,118.54480694252698,17.398140310410994,85.26568435221661,139.57235660603578,71.24696862505337,126.47438886883174,148.43692631927146,71.16919325000516,87.53112483916544,109.72322763753259,26.191232702803234,81.60107028728564,92.19733680275151,91.36208246323419,86.8999451581597,115.00188182699267,38.08864008561213,90.01543585850258,102.89971178407197,90.0277716501075,102.1449911338868,120.06453186584844,76.96312885643805,80.09826168597127,121.55925897020795,61.049829919981605,88.49670413102125,105.39570286226633,74.98234676002903,80.25652632900736,102.32567865945407,89.31822090792032,79.2137332471809,88.60127425235763,33.09520422608401,73.0328490176841,98.39089456163998,90.12674479436254,92.4037562753499,103.00639599328207,18.0117168016341,91.18723496088562,110.70492963783377,76.18485698864642,109.29961361404827,113.2129919012418,18.36047692578977,104.71815720774396,145.8227427930694,77.21389277404967,68.36363268365956,89.47585709273751,98.81428076111786,126.57425666715196,89.5004318741365,33.10987295855647,80.01572269708116,114.2193618547802,67.1632811043984,67.86050154174326,111.27682545605722,101.84700985079907,100.64645551301282,130.1454841469257,106.07390490075464,93.2353469868298,101.64997542044686,98.97474094863387
2018-03-22 13:00:00,82.50797167053341,93.56840858520863,80.98784422204145,74.39277244441827,134.77083538542132,63.54090808426045,113.79242960139712,164.3522768651364,29.990639217626438,69.41319984401494,100.8559006655486,67.57792762138521,93.41033165031149,100.24833724701378,99.65885826937155,67.13849009153707,79.38465343855367,93.25866862202707,81.68759268461531,102.16214098135042,55.20555540786994,75.09742537179042,106.88307642706572,45.120923571762134,85.72710360082087,140.50210349088684,61.94017673323563,109.51421401711492,122.33324014122093,14.285076703147304,86.36026746394057,108.95696091086319,67.08159636179722,106.97996519505972,148.0500508785856,79.59028252343703,99.7357846713567,130.80408744314377,7.968084355635682,85.06551293100661,140.2656832062005,61.756227277736855,133.22286135547571,168.3941369899268,26.536050211694267,92.56053932963681,117.70314622395617,25.068510906110312,80.27429401593545,94.91841191199626,88.48864786921845,82.15756849953323,107.90882776191931,24.426066059109104,88.41025739817673,109.0406748187481,60.1191902514116,101.09408350702802,128.8243327178781,81.79790714263103,92.50825747177763,80.68142161075416,41.16821124861482,86.8684274720299,108.30424555660925,40.3311200407316,86.79355292217414,121.60458292892966,19.234655722623494,79.18583158363873,90.52213128229607,53.851124927496606,71.17032347470436,96.9224614907061,77.87147182962717,90.15084942085434,97.98937784512894,42.84511936371185,80.2170065078897,97.24020753114716,61.12233494117257,102.06481163052715,105.14788354447741,12.950933099861153,92.2074954292935,123.95729163419657,79.90511142428576,65.15909796699266,77.59429601197493,81.16025606475193,90.11345051300425,118.87513338328128,7.083656394100856,106.83826815575574,218.98461580702008,2.2691284960050453,78.76915172795469,121.1635027735264,95.83596049427892,97.71960136778426,125.51044317547448,81.18335353125985,89.63148238859397,98.33445307588732,43.188880027345405
2018-03-22 14:00:00,80.60990260442487,96.70705589103346,56.152103703881615,59.674728876052264,114.00853898704064,45.173223471131934,210.35895175598972,175.47001396334753,9.884957166593786,75.1810084801829,107.68352786865877,57.14380946694798,98.81705088896243,103.63942770128709,89.34088259462078,74.90340144743483,89.17066258344087,72.0382538514016,76.31807482428435,106.78851080697457,38.0640181410433,71.06964815273477,95.0819450168506,47.694409894576765,87.99552133891049,143.78170672830436,59.81479220732162,90.27790650827016,115.49740938371794,12.808475496315054,77.13301356247905,106.92303982576686,57.80619261792507,108.2387310414907,176.0717921234408,25.452498185301735,105.84110847005613,114.0140181572446,34.70424007891673,87.70315849657919,145.52157147823155,59.97168191135319,132.778204883176,154.20639353872699,31.878782870842606,101.26441967405123,120.93632060807616,10.095416209940652,82.92726250136278,97.20631756830036,83.79450639618524,84.5696686964381,125.97334896985748,10.769484953847591,79.65014234009547,104.0549880588156,57.938662054857424,98.60863323600962,159.21229643919958,79.03088168394537,90.65846133226029,88.97894386069244,51.913588979604036,76.4833161105183,108.55401076957871,27.16456063797708,107.7326535197444,123.08066151855289,7.962327322081478,76.35450611527476,90.83897299244357,35.24572474340285,77.87366658538463,109.38662541431502,66.06555602882177,92.17049443998003,97.30478447455364,11.19610709723186,77.41649851556485,99.23790909562621,39.10093598619162,91.93943245245649,97.57613671632437,10.99542565449142,94.15670565515273,108.69667073664344,56.74029106743806,70.69690605533589,95.41162029334802,65.21479275124878,83.95462010545633,115.54445670784187,3.2388190693147436,111.74641628610405,311.5704616322376,1.9900845084259018,98.66270552127875,144.99589497999403,79.71540688584817,99.21958508446951,136.560229387247,61.10976319580884,108.7393676921865,176.5466215412784,25.896843747808795
2018-03-22 15:00:00,79.19418832375457,103.62172646038385,40.004105961717286,46.70691946450239,86.85700738199549,28.044806359764163,171.06082593720686,205.73675260039965,4.303343278202412,85.41505514760877,125.0092817681601,50.64917545163421,89.22186641020255,112.02111174857318,78.70094152459225,102.55231561387662,129.377177513103,44.993769618873216,82.86437188935842,101.6450989577345,42.73898219389364,78.64531281609516,96.07828106957318,28.193763294463615,84.67288233131738,139.17842241195183,55.13052501859977,95.47638157879982,114.64758656444032,12.115689019866814,79.69790496036941,110.05105229637113,42.656265337523415,112.15419292033363,212.56488387220492,2.4671419052347474,108.67822266122059,121.52501546795153,44.75367473348801,84.77181944366119,140.80036913670017,55.123358515270894,124.8257117522619,214.4157683020693,46.842282817841394,100.23626758450351,114.77248062271096,9.858346120348727,84.56890038431767,91.96410172335351,60.70096032084511,86.20312152597984,127.6256649491007,8.532645435715217,82.2220060510204,106.81376839822481,55.956953377525586,93.23029281197564,113.42704510161757,81.79036189949363,78.21616399632427,86.969039876645,57.96278038749752,76.03677926713064,101.7493974496043,22.750548755861942,116.0788462528661,120.62919485702156,19.602661979216258,83.37491779024728,86.8171836426004,36.03641291796063,86.72251019262409,115.73540808490338,41.07573321799666,93.24870034952289,126.14751425005856,15.064986591325898,76.29546046257065,111.03646281516747,19.221560226009665,90.96115835792425,105.31443872374521,5.494051512363036,104.81494336960418,132.32465556022612,41.2832470740469,80.0629475640479,100.34574152996487,58.87645533024274,88.8662753801902,118.30762853376422,4.7956830761497855,114.24037544009084,372.8251619885784,2.935550272134229,102.48267028222392,146.33832514045275,70.88439646506804,107.87473733133672,138.89572338836206,49.733977516621934,93.33184387768267,127.16801120432757,15.17945098169843
2018-03-22 16:00:00,85.46053526376696,99.98985759793469,29.194938503839175,36.475795765673865,73.59273851637843,27.601664278976088,103.2633554635767,139.8665690484737,2.0001613833589076,95.13914254081963,143.7869552885744,34.37129968411913,102.58662778862062,100.97250755749477,86.5994469714394,120.29049482878476,105.23990271647332,47.81650221149005,84.36112586176672,107.12989386388149,36.94267261513242,88.33639440825453,117.23302095207474,11.996355368881389,93.40537630473669,150.85698541269142,15.314521390779369,98.93153021729537,118.46373935528811,10.85848398604621,84.22771671900482,114.41435174708987,23.019722620329723,136.71949656085158,371.51392362153484,2.116498773164224,105.54199363750698,142.9926490683167,45.019320438915386,93.83444220086905,148.34517426807898,15.187876006387796,119.53202883386551,371.318072199535,22.403716163349905,88.479250979259,105.35607303630658,9.730953144893029,87.39883008659866,104.24048561517665,10.330598330345538,93.74924372673097,159.4212884513971,2.2315028907462064,84.35519009574418,109.92117956544877,48.15456480169202,91.30029625461312,102.89995376877286,79.90113673059048,82.05928892420337,104.33584167302966,61.92314265521579,90.63250401492483,110.99484205457082,13.090825305771581,127.04097392207294,142.20156912419154,12.999860306908666,78.40621437092574,91.35222830310285,24.04029718477029,92.19051635172949,123.30319581097389,27.21825597647628,100.97750001985986,129.17130442990162,13.999200212983766,85.44850760280883,114.91139417847917,3.5746573498759773,84.66194361913925,115.156496781167,22.747832784851173,125.52582020659388,154.49694730420643,24.636710604273986,89.48766377372293,105.10801418144132,30.24687378272203,95.49594272960661,131.01010959046164,2.086043595618122,125.57169720309201,393.98031174763554,2.997481563201717,111.84958932440182,147.8061464351997,63.00304898277062,105.06721868569483,128.94175447497355,48.99464902092372,101.5830200004572,128.65383319346512,13.863621051943511
2018-03-22 17:00:00,88.36094303377587,102.00444077681252,14.796627918848081,36.11990114349536,72.37090487222315,16.031655587513455,140.35977509328222,191.1380741723043,2.0343501754817552,99.87898142588318,145.4007694068664,31.960004142938473,90.2257851771809,94.35863464166655,80.22706832759464,112.2479888310048,96.17405777177655,47.15531927769871,94.45655748740701,114.42870120730512,22.30167945509016,97.68693659748791,143.21263304556425,2.1507335929369447,103.19555426560538,174.98090759468755,7.660498684185903,98.86256551047225,125.88869977330026,10.022449234217312,91.78304135713219,121.95860391766504,7.4153437510249915,134.27191217282476,444.09818053599383,2.1206251316066798,128.80451207719221,164.21426682205248,40.32143441399751,103.26008398885587,175.49329900038754,7.795768538867094,106.05884593207158,444.68826392143956,40.372287778196814,94.34521970578233,108.18835655621443,13.70804005921449,80.22354501164466,106.82459781329868,53.95677674160835,104.90390311897329,192.1499205096909,1.955477268706744,96.68613265212794,120.03296708136551,32.257428321543614,91.72950833636294,99.26580511422253,33.13251315946001,90.70103562290873,94.64899302879682,55.000569765021744,99.82045438566658,119.0987639051791,6.059486745927288,139.7516934449127,164.59131110062808,7.996635838040291,87.5839175782139,97.46105110699735,6.164015043531691,109.62528611495966,129.32264953817304,9.026711762804965,96.69744832379506,116.97748942158555,14.726023167802467,89.46419720543261,124.56879846216289,2.5657687586689235,103.13590347477461,125.60019495122087,3.9672743745523746,116.5872562210154,135.22625396809502,22.931073110253955,91.7642793403769,108.78333247202237,35.77217940621915,96.01245156577244,128.21366373050896,2.1644748202620008,137.92907555783523,278.07600986130666,2.9440690543262207,120.3853865582532,149.60145125386038,54.79559090217101,99.6079828685129,108.08640155533551,37.06895650353302,96.65652046253405,116.23796474608532,15.041844383457075
2018-03-22 18:00:00,91.03572976704419,112.30739569410741,3.196097950535261,113.20570759473298,135.0057575833017,13.788445180757869,138.94226738097254,174.05904574663384,1.9374581696911193,100.7171468316525,138.79053783413178,22.403925718682963,97.57031647761745,118.14284365566053,55.66796227698221,98.33104219077444,93.11179077005565,50.05296962214908,96.72648337852104,118.21211194444405,7.02852048213942,105.69480075414776,166.75220807689655,2.0791025521380178,108.50534369609287,180.76653780832336,3.3445370418918046,104.93115821202026,151.65241251885328,10.093358010637417,91.00436268375364,143.76353396755502,2.0902375272900073,112.378930982161,262.506245845607,2.124684877469001,92.73193785849949,168.04354448093426,39.675627648606294,106.74916092151844,181.07061551249797,3.094627649035644,92.09285485475456,260.9700466337365,36.99722295332798,87.09643548685159,93.76053070334939,15.252357330211048,80.83354602365345,94.71172481899785,55.63246534063404,112.93835369615202,196.80350807282508,2.000299196386109,98.06099363544904,119.72289229789776,21.78530326335958,97.55942946321859,132.6730772591439,20.33351127646167,97.65631877635823,92.98431638905875,50.009289427963395,105.74065618492165,126.13534132413234,3.8957163600829645,143.94516690491662,167.51212460155728,5.9680101121330935,97.56840957159068,131.50068761888272,2.0456656434057194,138.35078965800002,184.59627815673605,2.2654424912253077,94.37211300984444,103.48933226870996,29.723242292374458,93.64074660581957,124.96396340790655,2.2171287870097913,113.93886512622366,134.2993321020536,2.053943555496957,112.94436083546987,135.42840008997402,14.307169002709387,99.5292013406839,118.43185850535339,22.14707059715448,98.3650334103642,131.9828350637514,2.02424302697834,173.9755631536857,220.32518739055757,3.046215168029491,127.11533358667995,143.58878119088325,48.904294302019316,95.38878501345668,107.21229309738406,27.8858365283255,94.39967206332392,102.44809736032406,29.928531595209776
2018-03-22 19:00:00,111.43751146221686,130.08877565594452,2.720435961092768,49.57488157039884,85.63706602969485,3.9933001373319073,140.9674435656156,246.6742560714439,1.8859433863370612,113.72356405763122,151.2411928188489,12.017024168948062,87.34235911117719,111.73098782144605,57.21020071347368,103.737070455512,152.27470851812106,47.03794077655971,100.8304084583594,119.21279395605255,2.1255217774799746,109.77400185117375,167.5755819455037,2.1173498426113184,105.9992829055906,183.35212328343437,2.0423269631859426,113.32245280384012,173.77141586156756,9.94764786369391,102.15248712352053,138.56889873041058,2.590736097402363,100.13658762048506,212.05949358274,1.935399450924372,96.12767324697518,153.3128163261432,37.978577340813146,106.18622751687586,183.69462184646108,2.220878985653158,93.65983109623302,212.6242596134743,32.72490146768879,92.05298242070253,152.46390487490646,9.819374962644275,76.79798215310316,151.4906729227983,55.873252423929884,120.65623883379169,202.42583340671226,2.10283175015347,103.24556517689302,122.02302638266772,4.426762278833799,90.39596194497926,96.9400604065151,30.892161059568036,103.62022459731169,152.53501054237125,46.856643763716235,107.16338996854708,127.8192906927633,2.881229103468357,146.97986544720413,153.0820454576704,5.913736782467694,92.95419630807872,108.00880637806998,2.026999478327639,148.91425772456765,183.4177510492009,1.9115555395991422,96.49728211773356,112.13909769416878,15.209023803170247,91.94004113626849,124.41622030530739,2.345832221695268,120.01641208016594,127.26549410291304,2.004019107289153,101.31236715660398,115.36110088395785,5.1893479634515955,108.51477165937757,127.31697913999639,11.13173222359184,101.58590430976312,120.66691771443304,1.9547690812579503,188.6337891741778,214.05412113550284,1.8877648475551325,140.0926641384821,148.82419670102536,30.050212499701512,88.19781834713808,103.10261161239214,22.394321561141254,97.15865909758074,114.27619497296578,15.042953971112432
2018-03-22 20:00:00,115.17011674449529,164.1531441278962,2.9330377891841053,122.67208231021964,152.77229873783892,14.328503852987694,120.65689345106803,259.1483296139534,1.9813576748115338,114.93734425242356,166.08415444972854,2.2884656799393497,95.58745318132277,151.7475427743073,33.867431329393376,119.71004381255113,88.93861052312417,11.061032462318785,107.13764313672772,125.22614054307141,1.8219170004314407,137.63611990051973,185.1608064074661,1.9551126542807253,102.99690283274938,183.19655213914223,8.908784930231192,115.5269369727247,192.39764905516907,11.045251240839328,99.68619130740242,135.11594961803422,1.7060944507499372,105.91247350650458,232.42948282898777,2.0252751994933362,143.43222559032637,149.84325535287883,4.09439446647923,103.11100696638724,185.49381715192487,9.815187893170581,85.33454353332708,87.59629852672144,29.64545330999519,82.09711512801651,88.33375567618396,10.778111416810503,80.1834744740512,88.30707345947661,11.486386081422467,130.07916563218728,186.44072186217727,2.0486701025198144,122.61254484409615,153.54916766754002,1.8899614735183832,96.81223704837392,97.0676763859816,32.996377832693675,106.22712595072204,88.79277644938229,11.420898271712694,115.79061666758933,136.54490266464438,2.1213003643244903,144.1437735320132,150.49027593294517,4.175834238497849,93.35040004067734,108.36030723700054,2.1160520841837283,150.2873046392238,175.06442367879885,2.1439316313969314,97.95228696808522,126.3996463670619,14.376450325951389,100.18538630722526,124.40678297382749,1.9700482489261972,121.38074453929664,145.07133731494338,1.8450026646153432,122.79038714686703,151.53280917900557,14.782161581301828,119.72489843075041,125.85357216786717,2.976034017835886,105.90119256057423,109.80688241761199,1.7504842129550937,174.78626290920192,187.39687312497762,1.9547616821336788,153.66594952430736,168.82915082980367,5.186339297064663,90.5485436241216,103.34895555340171,10.027602633731483,97.44033647353226,127.46031553571444,14.081051396078195
2018-03-22 21:00:00,138.3539364141002,187.97943591998154,2.690457998956262,47.431940722679904,98.65198009199484,2.7121191606607624,125.50564058710381,156.4499543721855,1.9260333745091387,119.53140418808,175.6460089438923,2.033331671875686,90.74638257103206,122.7994800442952,35.175576538713045,128.81216513720204,84.3589555339288,38.01180137907978,129.877126388954,154.92286450118655,2.1886668096818767,159.00139730492378,211.3252531102396,2.080376805054783,109.94227017473918,192.14360674865023,2.795149452250996,123.08602629980155,177.32479321473798,10.89449708891103,112.54005687094812,159.23628894431852,1.9636268746463017,107.92230805856858,174.19534455147868,2.4813009878876287,95.31103324228762,150.4608180918317,33.88973921934567,111.68227419125152,190.27590098679383,2.3443047898482234,94.5590610614939,105.35620446654225,28.968380413154705,81.01241700123067,83.84365572826843,2.1152313385176598,73.59674956828536,84.45667862043128,55.308860124269756,137.2952518616088,175.43535620483618,2.1807446729776814,145.27737444970768,185.36970763208097,2.076964552273026,102.68291468179194,108.28235967433066,11.127555549683166,112.97812543627037,83.84771821306762,41.8910550587794,140.94251387006466,174.242607480552,2.8603526661422976,145.49340947628218,150.2569741859192,4.337675875417581,143.76076236632565,161.21282200378417,2.0369700876048284,155.16195049904036,177.9253530782421,1.9863384464829323,114.70947503038369,144.93107102862922,15.967978326960171,115.47749765466256,131.97203318653462,2.174136903823239,130.83687596887822,167.8161745582249,1.7591347673958921,90.35067003348766,101.28536380717684,19.73746238190796,143.42641654181793,179.3715903174716,2.0103452491462903,143.76354609073454,160.70024189787722,2.15087297576936,161.10890907335187,180.86840019446365,2.7013454876696628,157.9062813214721,180.46570089479002,4.0713067137507295,110.50367159465253,190.97693216638433,2.258339872375089,114.68038999203826,145.79475373735568,16.135236360630223
2018-03-22 22:00:00,150.76404693484577,173.44799265998174,3.4526373914480075,67.91259676573097,121.22812334376252,2.1223395046664137,125.11065734832297,252.70127000156833,1.9682386960790126,126.06112879853384,196.97702650757878,1.9216289760653638,92.56142100150316,108.65918129474949,33.60386656613523,134.88261395594384,153.06716366320768,34.243512130085264,145.96593305095314,164.8026389757539,2.3372825814071803,161.18936423173093,206.60138988247724,2.191487814811694,112.76769688510036,164.37322522031752,2.655980954486054,119.44339137359754,165.44037708007573,10.078239464888341,118.43144600623599,177.63193028715557,1.8834725799376386,104.46214147195886,132.45353198341456,21.832779964279055,106.84603039118026,154.40949597660574,37.47910141494006,113.08145914080882,168.0185727587257,2.916983623937732,103.86558549311495,131.68688296445765,22.284953368461757,90.60229874400429,153.62913541858188,2.588564007192005,74.1793034163504,153.38494291032265,53.83876825333974,142.78885596481663,182.29543351800316,1.9992545030512971,149.82288152521403,182.6668604256343,2.1168027654831008,103.9086072287365,121.08438578703172,1.6596537396900501,134.90688788086663,153.66650512804725,34.15988584701005,160.58770301721108,171.83039680836148,3.0604556722344043,148.89818220531637,153.12640109594597,4.044911246182238,135.5344075947086,150.54540689955832,2.08334353033068,161.9607068492831,194.7555570094475,1.9259766867838408,128.13831200220528,150.90864324294046,18.241133229172483,141.78527270592107,182.33447919014353,2.11786721337311,147.30523996749702,181.52095808448615,2.044570224687682,104.64418572688908,124.46180043712579,9.27950129175607,143.38803965060316,170.3029080867239,2.022846605363405,135.24226269690408,150.77129912273148,2.303466611888979,157.83331024751297,183.28242431106818,3.1250289239260027,157.69939649478235,180.60633466453336,2.0868603737613967,115.33593135315714,164.54381008484955,2.9053846844715565,128.50016808301956,151.4265792306165,18.95672804564063
2018-03-22 23:00:00,151.2280716699505,153.78876086442526,4.157732725783603,65.3551765824364,120.72265681469824,2.3210930688878477,127.87517603323789,200.26424553664572,2.0766079618973947,141.4668540532649,199.66803898023196,2.104256732523922,95.81251053963155,109.58985018793535,18.26011735397352,132.94589540377706,103.69186621477797,20.952472125482615,150.73236358254326,163.28829691833894,1.9910802796067912,159.70341225841827,205.65264449812219,2.0128466150869286,105.06418948238442,185.93020488343825,2.2482384692119695,129.34041596364196,178.3201962004145,11.05728837218085,144.65716472976214,185.6046467723586,2.042887813231559,93.34395845228974,122.39215199738584,20.052456447160566,102.2076515073087,154.46949575508685,36.14402292205694,104.40083990096548,184.5653998389437,2.101265295746046,92.91890118693081,121.6475426178134,20.007637472742907,100.80664391684351,103.0264341589106,2.5838512668827747,74.33619647176579,73.87086554548905,46.004152407158514,175.0745897296972,195.95731395305944,1.7654347313134195,153.99804551408585,173.49575699505738,2.123755169668243,100.54326993675106,130.20722437956329,3.0303853428236422,117.12371176930057,103.59167818767423,18.147682836665695,151.87806400765092,154.77688360076547,3.164997786372375,147.2403032309128,156.42966245059785,8.035409334006275,137.2515800316211,154.3135682692908,1.8085160390428925,154.2649109872381,198.42040064412132,1.8565864623264616,134.75033687768615,147.84018763411035,20.035532315055548,145.8358835928727,183.65183999889064,2.1919436053014607,161.0823141593998,169.52250491300867,2.2458486353633944,117.79508134935011,123.36398947823199,9.054859440354925,143.0668505014582,166.024048935962,2.0468076637543646,163.87725208610402,167.0635205416445,2.00979964084798,160.94102421788077,198.56263962860615,3.2972491151665793,155.54454892143318,185.0991443974957,2.114776683264658,128.3243777474843,165.08616184087555,3.2475102428686426,135.2252759271284,147.43159519699373,19.83934077470552
